strain,Mash_cluster,Source
GCA_004023985.1_ASM402398v1_genomic.fasta,6571,Environment
GCA_022098515.1_PDT001096049.1_genomic.fasta,726,Animal
GCA_002478825.1_ASM247882v1_genomic.fasta,267,Environment
GCA_030871395.1_PDT001861123.1_genomic.fasta,2473,Human
GCA_033193225.1_PDT001955166.1_genomic.fasta,5752,Human
GCA_002420725.1_ASM242072v1_genomic.fasta,1845,Environment
GCA_022299035.1_PDT000353543.1_genomic.fasta,5866,Environment
GCA_023231835.1_PDT001298453.1_genomic.fasta,6155,Food
GCA_002857125.1_ASM285712v1_genomic.fasta,3922,Animal
GCA_031014705.2_PDT001823749.2_genomic.fasta,6292,Human
GCA_021897055.1_PDT001188267.1_genomic.fasta,649,Environment
GCA_032508505.1_ASM3250850v1_genomic.fasta,1403,Human
GCA_022077145.1_PDT000875368.1_genomic.fasta,2555,Human
GCA_001066585.1_ASM106658v1_genomic.fasta,4837,Human
GCA_022285105.1_PDT000431429.1_genomic.fasta,3263,Human
GCA_022148445.1_PDT000858521.1_genomic.fasta,5806,Human
GCA_021896975.1_PDT001188264.1_genomic.fasta,642,Environment
GCA_001031245.1_Kleb_pneu_CHS107_V1_genomic.fasta,5939,Human
GCA_031019105.1_PDT001777533.1_genomic.fasta,217,Human
GCA_022301115.1_PDT000193335.2_genomic.fasta,3872,Human
GCA_022198385.1_PDT000712993.1_genomic.fasta,1944,Environment
GCA_032804245.2_PDT001942624.2_genomic.fasta,379,Human
GCA_021980115.1_PDT001011030.1_genomic.fasta,288,Environment
GCA_034318465.1_ASM3431846v1_genomic.fasta,576,Human
GCA_002856575.1_ASM285657v1_genomic.fasta,4382,Animal
GCA_034146365.1_PDT002017049.1_genomic.fasta,6574,Human
GCA_031009385.1_PDT001850159.1_genomic.fasta,5020,Environment
GCA_022301875.1_PDT000193305.2_genomic.fasta,6361,Human
GCA_022266855.1_PDT000435126.1_genomic.fasta,2734,Food
GCA_022089295.1_PDT000874596.1_genomic.fasta,4607,Human
GCA_033202625.2_PDT001825866.4_genomic.fasta,6017,Human
GCA_029323335.3_PDT001664211.3_genomic.fasta,2584,Human
GCA_002936685.2_ASM293668v2_genomic.fasta,6331,Human
GCA_022137445.1_PDT000870615.1_genomic.fasta,1474,Animal
GCA_021996415.1_PDT000989384.1_genomic.fasta,4848,Animal
GCA_037391315.1_PDT002116860.1_genomic.fasta,661,Human
GCA_021963975.1_PDT001019904.1_genomic.fasta,6234,Human
GCA_002857085.1_ASM285708v1_genomic.fasta,2743,Animal
GCA_014834435.1_ASM1483443v1_genomic.fasta,467,Human
GCA_002856675.1_ASM285667v1_genomic.fasta,1972,Animal
GCA_022141045.1_PDT000870493.1_genomic.fasta,3427,Animal
GCA_016798165.1_ASM1679816v1_genomic.fasta,3260,Human
GCA_040456915.1_PDT002238442.1_genomic.fasta,90,Human
GCA_003196775.1_ASM319677v1_genomic.fasta,6136,Human
GCA_040797185.1_ASM4079718v1_genomic.fasta,2072,Human
GCA_022438785.1_ASM2243878v1_genomic.fasta,4392,Human
GCA_022056885.1_PDT000870215.2_genomic.fasta,3066,Environment
GCA_026249085.3_PDT001488783.3_genomic.fasta,172,Human
GCA_031035855.2_PDT001726384.3_genomic.fasta,2312,Human
GCA_032107165.1_ASM3210716v1_genomic.fasta,4390,Environment
GCA_022259995.1_PDT000437131.1_genomic.fasta,6697,Animal
GCA_028054915.3_PDT001582354.3_genomic.fasta,3592,Human
GCA_021950365.1_PDT001025127.1_genomic.fasta,6150,Human
GCA_022067805.1_PDT000875813.1_genomic.fasta,6612,Human
GCA_022081655.1_PDT000875083.1_genomic.fasta,4357,Human
GCA_022141265.1_PDT000870483.1_genomic.fasta,46,Animal
GCA_021958025.1_PDT001020202.1_genomic.fasta,2721,Human
GCA_022132895.1_PDT000870649.1_genomic.fasta,660,Animal
GCA_028058595.1_PDT001366678.1_genomic.fasta,5947,Human
GCA_022153605.1_PDT000858224.1_genomic.fasta,259,Human
GCA_022058645.1_PDT000876336.1_genomic.fasta,1672,Human
GCA_022475655.3_PDT001257885.3_genomic.fasta,535,Human
GCA_022140005.1_PDT000870555.1_genomic.fasta,309,Animal
GCA_031017425.2_PDT001794893.2_genomic.fasta,1787,Human
GCA_022087305.1_PDT000874750.1_genomic.fasta,3384,Human
GCA_023207295.2_PDT001296803.2_genomic.fasta,551,Human
GCA_022138905.1_PDT000870588.1_genomic.fasta,434,Animal
GCA_028638105.3_PDT001615337.3_genomic.fasta,3178,Human
GCA_021964035.1_PDT001019900.1_genomic.fasta,1681,Human
GCA_022009415.1_PDT000978135.1_genomic.fasta,4645,Animal
GCA_021871215.1_PDT001204841.1_genomic.fasta,809,Human
GCA_031047535.1_PDT001729640.1_genomic.fasta,348,Animal
GCA_031045675.2_PDT001744161.2_genomic.fasta,5226,Human
GCA_005047295.1_ASM504729v1_genomic.fasta,6729,Animal
GCA_022432085.1_PDT001256027.1_genomic.fasta,5805,Animal
GCA_031039415.2_PDT001600123.3_genomic.fasta,1656,Human
GCA_022139065.1_PDT000870578.1_genomic.fasta,1936,Animal
GCA_000566885.1_Kleb_pneu_UCI_26_V1_genomic.fasta,1666,Human
GCA_031045595.2_PDT001744165.2_genomic.fasta,5169,Human
GCA_016796975.1_ASM1679697v1_genomic.fasta,1469,Human
GCA_022311715.1_PDT000136578.2_genomic.fasta,6568,Human
GCA_016796085.1_ASM1679608v1_genomic.fasta,3571,Human
GCA_029817355.1_PDT001691555.1_genomic.fasta,513,Human
GCA_029173125.1_PDT001659234.1_genomic.fasta,3661,Animal
GCA_031043575.2_PDT001726407.3_genomic.fasta,4307,Human
GCA_040871665.1_PDT002264710.1_genomic.fasta,4142,Human
GCA_021965455.1_PDT001019829.1_genomic.fasta,4268,Human
GCA_022258935.1_PDT000437212.1_genomic.fasta,6109,Animal
GCA_021953605.1_PDT001020425.1_genomic.fasta,4389,Human
GCA_026110155.1_PDT001482642.1_genomic.fasta,5879,Environment
GCA_022075765.1_PDT000875422.1_genomic.fasta,171,Human
GCA_022140945.1_PDT000870502.1_genomic.fasta,4939,Animal
GCA_037386835.1_PDT002117155.1_genomic.fasta,3164,Human
GCA_022139205.1_PDT000870572.1_genomic.fasta,1437,Animal
GCA_022431965.1_PDT001256035.1_genomic.fasta,5528,Animal
GCA_014835205.1_ASM1483520v1_genomic.fasta,1475,Human
GCA_022016515.1_PDT000968708.1_genomic.fasta,2768,Human
GCA_023342295.3_PDT001306004.3_genomic.fasta,5199,Human
GCA_031009345.1_PDT001850170.1_genomic.fasta,5576,Environment
GCA_022098475.1_PDT001096062.1_genomic.fasta,3715,Animal
GCA_035082665.1_PDT002046010.1_genomic.fasta,6695,Human
GCA_022068665.1_PDT000875768.1_genomic.fasta,4403,Human
GCA_040068775.1_PDT002188147.1_genomic.fasta,5458,Human
GCA_023314035.2_PDT001299695.2_genomic.fasta,585,Human
GCA_022139025.1_PDT000870583.1_genomic.fasta,1735,Animal
GCA_022082995.1_PDT000875004.1_genomic.fasta,253,Human
GCA_021948895.1_PDT001025217.1_genomic.fasta,4779,Human
GCA_022142605.1_PDT000869669.1_genomic.fasta,2684,Environment
GCA_028072835.3_PDT001582863.3_genomic.fasta,866,Human
GCA_030675455.1_ASM3067545v1_genomic.fasta,4320,Human
GCA_022009435.1_PDT000978079.1_genomic.fasta,4073,Animal
GCA_025775615.3_PDT001456619.3_genomic.fasta,5916,Human
GCA_004368375.2_ASM436837v2_genomic.fasta,4988,Environment
GCA_037207095.1_PDT002113854.1_genomic.fasta,5301,Human
GCA_031557055.1_PDT001887701.1_genomic.fasta,4014,Environment
GCA_022085965.1_PDT000874827.1_genomic.fasta,4228,Human
GCA_018068425.1_ASM1806842v1_genomic.fasta,4548,Human
GCA_031984005.1_ASM3198400v1_genomic.fasta,4280,Environment
GCA_022039215.1_PDT001011031.1_genomic.fasta,117,Environment
GCA_034260655.1_PDT002020965.1_genomic.fasta,142,Environment
GCA_022133215.1_PDT000870643.1_genomic.fasta,1341,Animal
GCA_022133005.1_PDT000870646.1_genomic.fasta,6153,Animal
GCA_022148505.1_PDT000858513.1_genomic.fasta,3961,Human
GCA_002478325.1_ASM247832v1_genomic.fasta,1660,Environment
GCA_032057645.1_ASM3205764v1_genomic.fasta,743,Environment
GCA_002856945.1_ASM285694v1_genomic.fasta,3018,Animal
GCA_034359105.1_PDT002026117.1_genomic.fasta,5761,Human
GCA_032002565.1_ASM3200256v1_genomic.fasta,6105,Environment
GCA_028829475.1_PDT001640373.1_genomic.fasta,6338,Human
GCA_022137505.1_PDT000870614.1_genomic.fasta,132,Animal
GCA_024961165.1_PDT001391307.1_genomic.fasta,2515,Human
GCA_027992925.1_PDT001577090.1_genomic.fasta,1236,Human
GCA_029538785.1_PDT001677432.1_genomic.fasta,5536,Food
GCA_022140665.1_PDT000870525.1_genomic.fasta,6736,Animal
GCA_029333055.3_PDT001664920.3_genomic.fasta,5535,Human
GCA_032618915.1_PDT001924527.1_genomic.fasta,4893,Environment
GCA_030711235.1_ASM3071123v1_genomic.fasta,5909,Environment
GCA_022329485.1_PDT000485268.1_genomic.fasta,1995,Environment
GCA_030711095.1_ASM3071109v1_genomic.fasta,5244,Environment
GCA_036471855.1_PDT002067585.1_genomic.fasta,182,Human
GCA_022072845.1_PDT000875588.1_genomic.fasta,1797,Human
GCA_033861375.1_PDT001993477.1_genomic.fasta,4018,Animal
GCA_021903965.1_PDT001156646.1_genomic.fasta,6328,Animal
GCA_021896995.1_PDT001188268.1_genomic.fasta,5982,Environment
GCA_022140965.1_PDT000870498.1_genomic.fasta,813,Animal
GCA_002856235.1_ASM285623v1_genomic.fasta,5601,Animal
GCA_022266575.1_PDT000435141.1_genomic.fasta,1170,Food
GCA_022140125.1_PDT000870547.1_genomic.fasta,1605,Animal
GCA_019900785.2_ASM1990078v2_genomic.fasta,564,Animal
GCA_022081975.1_PDT000875059.1_genomic.fasta,269,Human
GCA_021941915.1_PDT001046027.1_genomic.fasta,4714,Human
GCA_022300815.1_PDT000193351.2_genomic.fasta,5026,Human
GCA_031016205.1_PDT001810473.1_genomic.fasta,653,Human
GCA_022073085.1_PDT000875575.1_genomic.fasta,2251,Human
GCA_030389905.1_ASM3038990v1_genomic.fasta,1881,Human
GCA_005048095.1_ASM504809v1_genomic.fasta,2462,Animal
GCA_022140545.1_PDT000870533.1_genomic.fasta,198,Animal
GCA_030711185.1_ASM3071118v1_genomic.fasta,5011,Environment
GCA_002857345.1_ASM285734v1_genomic.fasta,68,Animal
GCA_022434875.1_ASM2243487v1_genomic.fasta,1433,Human
GCA_022284775.1_PDT000431446.1_genomic.fasta,5896,Human
GCA_016796345.1_ASM1679634v1_genomic.fasta,2982,Human
GCA_014903955.1_ASM1490395v1_genomic.fasta,1395,Human
GCA_001275285.1_ASM127528v1_genomic.fasta,285,Human
GCA_022072885.1_PDT000875585.1_genomic.fasta,2080,Human
GCA_031040215.2_PDT000901888.3_genomic.fasta,2100,Human
GCA_022131565.1_PDT000870653.1_genomic.fasta,622,Animal
GCA_005048105.1_ASM504810v1_genomic.fasta,6166,Animal
GCA_015718145.1_ASM1571814v1_genomic.fasta,2266,Human
GCA_021973675.3_PDT001012221.3_genomic.fasta,6079,Human
GCA_022874805.1_PDT001280946.1_genomic.fasta,1593,Environment
GCA_002856915.1_ASM285691v1_genomic.fasta,4146,Animal
GCA_031976615.1_ASM3197661v1_genomic.fasta,6310,Environment
GCA_040288085.1_PDT002225299.1_genomic.fasta,6183,Human
GCA_033037275.1_PDT001953304.1_genomic.fasta,1688,Environment
GCA_022138925.1_PDT000870589.1_genomic.fasta,742,Animal
GCA_022058065.1_PDT000870054.2_genomic.fasta,1809,Environment
GCA_022299435.1_PDT000253015.2_genomic.fasta,4555,Animal
GCA_021948855.1_PDT001025215.1_genomic.fasta,237,Human
GCA_022140385.1_PDT000870539.1_genomic.fasta,4528,Animal
GCA_003401375.1_ASM340137v1_genomic.fasta,5867,Human
GCA_029172785.1_PDT001659254.1_genomic.fasta,1162,Animal
GCA_022069845.1_PDT000875716.1_genomic.fasta,3646,Human
GCA_022157605.1_PDT000858118.1_genomic.fasta,2327,Human
GCA_022259815.1_PDT000437157.1_genomic.fasta,776,Animal
GCA_003362865.1_ASM336286v1_genomic.fasta,215,Environment
GCA_022139185.1_PDT000870568.1_genomic.fasta,1347,Animal
GCA_022163745.1_PDT000858062.1_genomic.fasta,44,Human
GCA_004024285.1_ASM402428v1_genomic.fasta,6430,Environment
GCA_022311875.1_PDT000136568.2_genomic.fasta,2356,Human
GCA_021903735.3_PDT001157465.5_genomic.fasta,1487,Human
GCA_022062765.1_PDT000876125.1_genomic.fasta,5015,Human
GCA_022138495.1_PDT000870604.1_genomic.fasta,5907,Animal
GCA_029598225.3_PDT001679553.3_genomic.fasta,631,Human
GCA_031034015.1_PDT001770912.1_genomic.fasta,1746,Environment
GCA_022088585.1_PDT000874681.1_genomic.fasta,99,Human
GCA_022985315.1_PDT001286281.1_genomic.fasta,4830,Human
GCA_030711195.1_ASM3071119v1_genomic.fasta,5267,Environment
GCA_022138745.1_PDT000870603.1_genomic.fasta,5499,Animal
GCA_031994645.1_ASM3199464v1_genomic.fasta,526,Environment
GCA_038099735.1_PDT002137380.1_genomic.fasta,6451,Animal
GCA_022133165.1_PDT000870644.1_genomic.fasta,6119,Animal
GCA_022163105.1_PDT000858101.1_genomic.fasta,2894,Human
GCA_022258115.1_PDT000437365.1_genomic.fasta,5381,Animal
GCA_022431505.1_PDT001256103.1_genomic.fasta,5328,Food
GCA_003861125.1_ASM386112v1_genomic.fasta,2501,Human
GCA_030385425.1_ASM3038542v1_genomic.fasta,5302,Human
GCA_022430385.1_PDT001256102.1_genomic.fasta,6281,Human
GCA_034194085.1_PDT002017045.1_genomic.fasta,1428,Human
GCA_035383695.1_PDT002049301.1_genomic.fasta,2063,Human
GCA_032011455.1_ASM3201145v1_genomic.fasta,6440,Environment
GCA_031009365.1_PDT001850160.1_genomic.fasta,5775,Environment
GCA_022070305.1_PDT000875698.1_genomic.fasta,1004,Human
GCA_022312535.1_PDT000136460.2_genomic.fasta,1663,Human
GCA_031107655.1_PDT001872540.1_genomic.fasta,4082,Environment
GCA_040871625.1_PDT002264711.1_genomic.fasta,4693,Human
GCA_016802965.1_ASM1680296v1_genomic.fasta,2503,Human
GCA_022088785.1_PDT000874667.1_genomic.fasta,2425,Human
GCA_036686465.1_PDT002080773.1_genomic.fasta,4668,Human
GCA_022140525.1_PDT000870530.1_genomic.fasta,556,Animal
GCA_022038475.1_PDT000893776.1_genomic.fasta,3372,Human
GCA_022133365.1_PDT000870639.1_genomic.fasta,478,Animal
GCA_022060225.1_PDT000876276.1_genomic.fasta,4814,Human
GCA_021898115.1_PDT001056431.2_genomic.fasta,5889,Food
GCA_021897035.1_PDT001188265.1_genomic.fasta,191,Environment
GCA_031632395.1_ASM3163239v1_genomic.fasta,424,Human
GCA_036473195.1_PDT002067512.1_genomic.fasta,580,Human
GCA_022165965.1_PDT000857841.1_genomic.fasta,3529,Human
GCA_002970875.2_ASM297087v2_genomic.fasta,4719,Human
GCA_022040015.1_PDT000893558.1_genomic.fasta,4751,Human
GCA_002857065.1_ASM285706v1_genomic.fasta,4744,Animal
GCA_021973595.3_PDT001012241.3_genomic.fasta,1337,Human
GCA_022141425.1_PDT000870478.1_genomic.fasta,2175,Animal
GCA_002855815.1_ASM285581v1_genomic.fasta,4217,Animal
GCA_034331045.1_PDT002025865.1_genomic.fasta,5865,Human
GCA_032288425.1_PDT001911259.1_genomic.fasta,2140,Human
GCA_021939055.1_PDT001056445.1_genomic.fasta,6667,Food
GCA_022035255.2_ASM2203525v2_genomic.fasta,2250,Human
GCA_024350245.1_PDT001358170.2_genomic.fasta,3468,Animal
GCA_022431205.1_PDT001256203.1_genomic.fasta,1814,Animal
GCA_022432125.1_PDT001256024.1_genomic.fasta,3450,Animal
GCA_002186005.2_ASM218600v2_genomic.fasta,2972,Human
GCA_028321505.1_ASM2832150v1_genomic.fasta,4272,Human
GCA_040560775.1_ASM4056077v1_genomic.fasta,2025,Human
GCA_030904985.1_PDT001694439.1_genomic.fasta,4013,Human
GCA_034700965.1_PDT002040644.1_genomic.fasta,2103,Environment
GCA_022066585.1_PDT000875896.1_genomic.fasta,5710,Human
GCA_022074965.1_PDT000875479.1_genomic.fasta,3291,Human
GCA_022165245.1_PDT000857905.1_genomic.fasta,3017,Human
GCA_021262205.1_ASM2126220v1_genomic.fasta,2247,Human
GCA_022138645.1_PDT000870601.1_genomic.fasta,5792,Animal
GCA_022285685.1_PDT000431403.1_genomic.fasta,5203,Human
GCA_040442565.1_PDT002237260.1_genomic.fasta,2182,Human
GCA_022056905.1_PDT000870227.2_genomic.fasta,988,Environment
GCA_022073625.1_PDT000875555.1_genomic.fasta,1734,Human
GCA_034195065.1_PDT002017831.1_genomic.fasta,216,Environment
GCA_002855985.1_ASM285598v1_genomic.fasta,87,Animal
GCA_021897015.1_PDT001188269.1_genomic.fasta,5587,Environment
GCA_029274325.1_PDT001663511.1_genomic.fasta,1745,Food
GCA_022140865.1_PDT000870509.1_genomic.fasta,1333,Animal
GCA_021970835.1_PDT001019552.1_genomic.fasta,5495,Human
GCA_023312195.2_PDT001299816.2_genomic.fasta,5870,Human
GCA_036905855.1_ASM3690585v1_genomic.fasta,3305,Human
GCA_002856315.1_ASM285631v1_genomic.fasta,6752,Animal
GCA_022267715.1_PDT000435106.1_genomic.fasta,4635,Food
GCA_037387045.1_PDT002117149.1_genomic.fasta,2168,Human
GCA_022009355.1_PDT000978157.1_genomic.fasta,1925,Animal
GCA_026110135.1_PDT001482640.1_genomic.fasta,5799,Environment
GCA_026268275.1_PDT001490877.1_genomic.fasta,3492,Human
GCA_021903935.1_PDT001156650.1_genomic.fasta,2880,Animal
GCA_031105185.1_PDT001872541.1_genomic.fasta,2054,Environment
GCA_029173145.1_PDT001659235.1_genomic.fasta,5454,Animal
GCA_022431125.1_PDT001256022.1_genomic.fasta,1860,Animal
GCA_022140725.1_PDT000870522.1_genomic.fasta,2755,Animal
GCA_022009335.1_PDT000978142.1_genomic.fasta,5823,Animal
GCA_022151825.1_PDT000858339.1_genomic.fasta,5644,Human
GCA_023311455.2_PDT001299852.2_genomic.fasta,1616,Human
GCA_031981985.1_ASM3198198v1_genomic.fasta,3905,Environment
GCA_031047635.1_PDT001729092.1_genomic.fasta,5565,Environment
GCA_024429535.1_PDT001366420.1_genomic.fasta,4913,Human
GCA_032010785.1_ASM3201078v1_genomic.fasta,1846,Environment
GCA_022056645.1_PDT000870307.2_genomic.fasta,3996,Environment
GCA_022259975.1_PDT000437138.1_genomic.fasta,6620,Animal
GCA_034195145.1_PDT002017829.1_genomic.fasta,5809,Environment
GCA_023312135.2_PDT001299819.2_genomic.fasta,6415,Human
GCA_022057885.1_PDT000870130.2_genomic.fasta,3401,Human
GCA_022298935.1_PDT000353544.1_genomic.fasta,386,Animal
GCA_024442375.1_PDT001366546.1_genomic.fasta,320,Human
GCA_037393385.1_PDT002116757.1_genomic.fasta,412,Human
GCA_021980035.1_PDT001011033.1_genomic.fasta,4131,Environment
GCA_002152825.1_ASM215282v1_genomic.fasta,1456,Human
GCA_030845435.1_ASM3084543v1_genomic.fasta,351,Human
GCA_032011525.1_ASM3201152v1_genomic.fasta,2049,Environment
GCA_024608525.1_ASM2460852v1_genomic.fasta,3438,Human
GCA_022009395.1_PDT000978136.1_genomic.fasta,6426,Animal
GCA_022260015.1_PDT000437128.1_genomic.fasta,519,Animal
GCA_002970615.2_ASM297061v2_genomic.fasta,374,Human
GCA_022134525.1_PDT000870632.1_genomic.fasta,851,Animal
GCA_021964115.1_PDT001019896.1_genomic.fasta,4285,Human
GCA_040868625.1_PDT002264236.1_genomic.fasta,6351,Human
GCA_030983075.2_PDT001867420.2_genomic.fasta,6350,Human
GCA_022141405.1_PDT000870481.1_genomic.fasta,1470,Animal
GCA_022042455.3_PDT000893244.3_genomic.fasta,1731,Human
GCA_022088225.1_PDT000874698.1_genomic.fasta,2626,Human
GCA_022965055.1_PDT001284079.1_genomic.fasta,1528,Human
GCA_029535075.1_PDT001676880.1_genomic.fasta,5294,Human
GCA_016066025.1_ASM1606602v1_genomic.fasta,6327,Human
GCA_022138225.1_PDT000870608.1_genomic.fasta,1031,Animal
GCA_000693035.1_Kleb_pneu_BIDMC_69_V1_genomic.fasta,6488,Human
GCA_040563665.1_ASM4056366v1_genomic.fasta,3511,Human
GCA_023354615.3_PDT001306767.3_genomic.fasta,1124,Human
GCA_028627695.1_PDT001615444.1_genomic.fasta,544,Environment
GCA_022035395.1_PDT000898173.1_genomic.fasta,2975,Human
GCA_031034095.1_PDT001770913.1_genomic.fasta,644,Environment
GCA_022098435.1_PDT001096056.1_genomic.fasta,6187,Animal
GCA_022041535.2_ASM2204153v2_genomic.fasta,2866,Human
GCA_036838765.1_ASM3683876v1_genomic.fasta,948,Environment
GCA_034851595.1_PDT002043606.1_genomic.fasta,6107,Environment
GCA_021896935.1_PDT001188270.1_genomic.fasta,5796,Environment
GCA_031041075.2_PDT000868633.3_genomic.fasta,754,Human
GCA_036412935.1_PDT002072465.1_genomic.fasta,530,Human
GCA_022040435.3_PDT000893526.3_genomic.fasta,877,Human
GCA_022139145.1_PDT000870573.1_genomic.fasta,2475,Animal
GCA_022138765.1_PDT000870595.1_genomic.fasta,1121,Animal
GCA_022140585.1_PDT000870531.1_genomic.fasta,1111,Animal
GCA_011068365.1_ASM1106836v1_genomic.fasta,6530,Animal
GCA_000694835.1_Kleb_pneu_UCI_59_V1_genomic.fasta,3174,Human
GCA_034156005.1_PDT002017105.1_genomic.fasta,5385,Human
GCA_021939035.1_PDT001056447.1_genomic.fasta,454,Food
GCA_022133065.1_PDT000870650.1_genomic.fasta,2300,Animal
GCA_900452485.1_37554_C01_genomic.fasta,2137,Environment
GCA_022073185.1_PDT000875567.1_genomic.fasta,4032,Human
GCA_022069285.1_PDT000875740.1_genomic.fasta,1413,Human
GCA_033037895.1_PDT001953303.1_genomic.fasta,6349,Environment
GCA_031047595.1_PDT001729093.1_genomic.fasta,5789,Environment
GCA_034163325.1_PDT002016340.1_genomic.fasta,5798,Human
GCA_002386725.1_ASM238672v1_genomic.fasta,1049,Environment
GCA_022266735.1_PDT000435134.1_genomic.fasta,3611,Food
GCA_037393645.1_PDT002116737.1_genomic.fasta,2097,Human
GCA_022083915.1_PDT000874949.1_genomic.fasta,4446,Human
GCA_005048745.1_ASM504874v1_genomic.fasta,1759,Animal
GCA_022964355.2_PDT001284046.2_genomic.fasta,5980,Human
GCA_031992925.1_ASM3199292v1_genomic.fasta,1495,Environment
GCA_030675795.1_ASM3067579v1_genomic.fasta,5876,Human
GCA_032149945.1_PDT001906945.1_genomic.fasta,4158,Human
GCA_022875985.3_PDT001280895.3_genomic.fasta,3780,Environment
GCA_022301095.1_PDT000193334.2_genomic.fasta,2044,Human
GCA_031040075.2_PDT000947596.3_genomic.fasta,4031,Human
GCA_022088265.1_PDT000874699.1_genomic.fasta,2350,Human
GCA_022081255.1_PDT000875103.1_genomic.fasta,38,Human
GCA_021773945.3_PDT001232690.3_genomic.fasta,3533,Human
GCA_029437635.1_ASM2943763v1_genomic.fasta,1583,Human
GCA_022267815.1_PDT000435097.1_genomic.fasta,6209,Food
GCA_022078035.1_PDT000875314.1_genomic.fasta,2268,Human
GCA_002856455.1_ASM285645v1_genomic.fasta,4755,Animal
GCA_022140165.1_PDT000870540.1_genomic.fasta,1563,Animal
GCA_031046555.2_PDT001744114.2_genomic.fasta,4694,Human
GCA_031047615.1_PDT001729091.1_genomic.fasta,4789,Environment
GCA_029172845.1_PDT001659251.1_genomic.fasta,5689,Environment
GCA_022139885.1_PDT000870563.1_genomic.fasta,6343,Animal
GCA_022140085.1_PDT000870548.1_genomic.fasta,4914,Animal
GCA_031035775.2_PDT001726391.3_genomic.fasta,4882,Human
GCA_031978885.1_ASM3197888v1_genomic.fasta,974,Environment
GCA_031042515.2_PDT001759845.2_genomic.fasta,4568,Human
GCA_022266895.1_PDT000435124.1_genomic.fasta,2621,Food
GCA_032285825.1_PDT001911284.1_genomic.fasta,4154,Human
GCA_037385385.1_PDT002117142.1_genomic.fasta,5067,Human
GCA_033266405.1_PDT001965326.1_genomic.fasta,2420,Human
GCA_022299135.1_PDT000353531.1_genomic.fasta,1537,Animal
GCA_022140645.1_PDT000870526.1_genomic.fasta,664,Animal
GCA_022141485.1_PDT000870475.1_genomic.fasta,1718,Animal
GCA_023314095.2_PDT001299691.2_genomic.fasta,6135,Human
GCA_031106695.1_PDT001872551.1_genomic.fasta,5611,Environment
GCA_033861555.1_PDT001993469.1_genomic.fasta,5568,Animal
GCA_031040855.2_PDT000899092.3_genomic.fasta,4819,Human
GCA_025289235.1_ASM2528923v1_genomic.fasta,1138,Environment
GCA_022259915.1_PDT000437145.1_genomic.fasta,4028,Animal
GCA_037398255.1_PDT002116762.1_genomic.fasta,3456,Human
GCA_022299075.1_PDT000353540.1_genomic.fasta,6642,Animal
GCA_014894845.1_ASM1489484v1_genomic.fasta,737,Human
GCA_031983525.1_ASM3198352v1_genomic.fasta,6012,Environment
GCA_022430105.1_PDT001256023.1_genomic.fasta,6333,Animal
GCA_037383765.1_PDT002116741.1_genomic.fasta,4805,Human
GCA_022143005.1_PDT000869596.1_genomic.fasta,3235,Environment
GCA_022875465.3_PDT001280894.3_genomic.fasta,4865,Environment
GCA_022299095.1_PDT000353537.1_genomic.fasta,5998,Animal
GCA_022283625.1_PDT000431503.1_genomic.fasta,1524,Human
GCA_022140905.1_PDT000870504.1_genomic.fasta,1141,Animal
GCA_032111885.1_ASM3211188v1_genomic.fasta,1669,Environment
GCA_022431985.1_PDT001256030.1_genomic.fasta,4205,Animal
GCA_001471075.1_ASM147107v1_genomic.fasta,2800,Environment
GCA_022064825.1_PDT000876011.1_genomic.fasta,2323,Human
GCA_029274405.1_PDT001663504.1_genomic.fasta,2065,Food
GCA_036474815.1_PDT002067432.1_genomic.fasta,810,Human
GCA_032607735.2_PDT001925351.2_genomic.fasta,6545,Human
GCA_027585015.1_ASM2758501v1_genomic.fasta,4090,Human
GCA_036439775.1_PDT002071271.1_genomic.fasta,2299,Human
GCA_022142945.1_PDT000869636.1_genomic.fasta,6616,Environment
GCA_022258815.1_PDT000437219.1_genomic.fasta,2369,Animal
GCA_022432145.1_PDT001256209.1_genomic.fasta,739,Environment
GCA_014902285.1_ASM1490228v1_genomic.fasta,107,Human
GCA_031036575.2_PDT001726294.3_genomic.fasta,2961,Human
GCA_022139165.1_PDT000870569.1_genomic.fasta,1659,Animal
GCA_004024015.1_ASM402401v1_genomic.fasta,1799,Environment
GCA_022198425.1_PDT000712999.1_genomic.fasta,1670,Animal
GCA_030675375.1_ASM3067537v1_genomic.fasta,4093,Human
GCA_031998505.1_ASM3199850v1_genomic.fasta,4646,Environment
GCA_022067725.1_PDT000875820.1_genomic.fasta,505,Human
GCA_022166785.1_PDT000850541.1_genomic.fasta,4627,Human
GCA_001033135.1_Kleb_pneu_CHS223_V1_genomic.fasta,3453,Human
GCA_022141385.1_PDT000870479.1_genomic.fasta,5227,Animal
GCA_029952745.1_ASM2995274v1_genomic.fasta,612,Environment
GCA_022133465.1_PDT000870636.1_genomic.fasta,5361,Animal
GCA_014837715.1_ASM1483771v1_genomic.fasta,1255,Human
GCA_022038195.3_PDT000873860.4_genomic.fasta,6429,Human
GCA_024484365.3_PDT001373492.3_genomic.fasta,4253,Human
GCA_024318855.2_PDT001360818.2_genomic.fasta,1286,Human
GCA_022430625.1_PDT001256034.1_genomic.fasta,456,Animal
GCA_030711125.1_ASM3071112v1_genomic.fasta,1685,Environment
GCA_022067885.1_PDT000875809.1_genomic.fasta,1130,Human
GCA_009648995.1_ASM964899v1_genomic.fasta,5826,Food
GCA_029620235.1_PDT001682661.1_genomic.fasta,2186,Animal
GCA_022140465.1_PDT000870538.1_genomic.fasta,1653,Animal
GCA_011683875.1_ASM1168387v1_genomic.fasta,5425,Animal
GCA_031035895.2_PDT001726375.3_genomic.fasta,3545,Human
GCA_022138805.1_PDT000870594.1_genomic.fasta,3618,Animal
GCA_022299015.1_PDT000353542.1_genomic.fasta,410,Animal
GCA_022267835.1_PDT000435093.1_genomic.fasta,37,Food
GCA_022139855.1_PDT000870565.1_genomic.fasta,2446,Animal
GCA_002087495.1_ASM208749v1_genomic.fasta,1559,Human
GCA_002857205.1_ASM285720v1_genomic.fasta,4785,Animal
GCA_015556725.1_ASM1555672v1_genomic.fasta,5597,Human
GCA_035518185.1_PDT002049793.1_genomic.fasta,2480,Human
GCA_034164165.1_PDT002016298.1_genomic.fasta,4395,Human
GCA_032463405.1_ASM3246340v1_genomic.fasta,1128,Animal
GCA_029273045.1_PDT001663592.1_genomic.fasta,2064,Food
GCA_022043515.2_PDT000891461.2_genomic.fasta,4098,Human
GCA_002856155.1_ASM285615v1_genomic.fasta,747,Animal
GCA_022057445.1_PDT000870265.2_genomic.fasta,35,Environment
GCA_022080815.1_PDT000875118.1_genomic.fasta,6603,Human
GCA_021821535.1_PDT001196674.2_genomic.fasta,5092,Human
GCA_022115095.1_PDT000874637.1_genomic.fasta,4058,Human
GCA_021979995.1_PDT001011036.1_genomic.fasta,1200,Animal
GCA_022687485.3_PDT001274660.3_genomic.fasta,1061,Human
GCA_001903675.4_ASM190367v4_genomic.fasta,3352,Human
GCA_029731655.3_PDT001689040.3_genomic.fasta,5624,Human
GCA_022299115.1_PDT000353536.1_genomic.fasta,1850,Environment
GCA_021897155.1_PDT001188263.1_genomic.fasta,30,Environment
GCA_022086165.1_PDT000874816.1_genomic.fasta,4757,Human
GCA_021903995.1_PDT001156649.1_genomic.fasta,1586,Animal
GCA_022138885.1_PDT000870590.1_genomic.fasta,3521,Animal
GCA_022135055.1_PDT000870618.1_genomic.fasta,2977,Animal
GCA_022139965.1_PDT000870558.1_genomic.fasta,4577,Animal
GCA_022141325.1_PDT000870500.1_genomic.fasta,3297,Animal
GCA_022141165.1_PDT000870482.1_genomic.fasta,5360,Animal
GCA_034575655.1_PDT002036924.1_genomic.fasta,2322,Environment
GCA_022312135.1_PDT000136481.2_genomic.fasta,1737,Human
GCA_022299155.1_PDT000353532.1_genomic.fasta,1287,Animal
GCA_015999275.1_ASM1599927v1_genomic.fasta,3839,Animal
GCA_022057345.1_PDT000870324.2_genomic.fasta,3386,Environment
GCA_032704145.2_PDT001927903.2_genomic.fasta,1289,Human
GCA_021980055.1_PDT001011034.1_genomic.fasta,325,Animal
GCA_031009965.2_PDT001846120.2_genomic.fasta,978,Human
GCA_040566235.1_ASM4056623v1_genomic.fasta,2633,Human
GCA_022164645.1_PDT000857981.1_genomic.fasta,1145,Human
GCA_022134635.1_PDT000870631.1_genomic.fasta,5651,Animal
GCA_002855825.1_ASM285582v1_genomic.fasta,2512,Animal
GCA_022058965.1_PDT000876320.1_genomic.fasta,6360,Human
GCA_002856905.1_ASM285690v1_genomic.fasta,5764,Animal
GCA_022430685.1_PDT001256037.1_genomic.fasta,1853,Animal
GCA_002856635.1_ASM285663v1_genomic.fasta,3995,Animal
GCA_018068525.1_ASM1806852v1_genomic.fasta,6249,Human
GCA_022267075.1_PDT000435110.1_genomic.fasta,2750,Food
GCA_022140825.1_PDT000870513.1_genomic.fasta,1040,Animal
GCA_022057805.1_PDT000870187.2_genomic.fasta,6366,Environment
GCA_021263645.1_ASM2126364v1_genomic.fasta,2254,Human
GCA_022087865.1_PDT000874723.1_genomic.fasta,1188,Human
GCA_022163625.1_PDT000858076.1_genomic.fasta,2631,Human
GCA_022430425.1_PDT001256161.1_genomic.fasta,1886,Food
GCA_022056865.1_PDT000870193.2_genomic.fasta,3431,Environment
GCA_019927315.1_ASM1992731v1_genomic.fasta,6564,Human
GCA_022089695.1_PDT000874575.1_genomic.fasta,6255,Human
GCA_022431725.1_PDT001256062.1_genomic.fasta,4560,Environment
GCA_022258035.1_PDT000437267.1_genomic.fasta,5167,Animal
GCA_021980155.1_PDT001011029.1_genomic.fasta,4277,Animal
GCA_022139945.1_PDT000870559.1_genomic.fasta,4121,Animal
GCA_017942255.1_ASM1794225v1_genomic.fasta,763,Animal
GCA_021263855.1_ASM2126385v1_genomic.fasta,333,Human
GCA_032608615.1_PDT001925307.1_genomic.fasta,2284,Environment
GCA_024605095.1_PDT001379000.1_genomic.fasta,4661,Human
GCA_021964575.1_PDT001019873.1_genomic.fasta,1360,Human
GCA_022272655.1_PDT000433390.1_genomic.fasta,2805,Human
GCA_034155585.1_PDT002016550.1_genomic.fasta,58,Human
GCA_032109245.1_ASM3210924v1_genomic.fasta,6679,Environment
GCA_022036255.3_PDT000898093.3_genomic.fasta,1510,Human
GCA_023978875.1_PDT001347558.1_genomic.fasta,5208,Human
GCA_034402155.1_PDT002029538.1_genomic.fasta,871,Human
GCA_032079025.1_ASM3207902v1_genomic.fasta,1486,Environment
GCA_002332855.1_ASM233285v1_genomic.fasta,5432,Environment
GCA_023312035.2_PDT001299824.2_genomic.fasta,1610,Human
GCA_022430765.1_PDT001256200.1_genomic.fasta,604,Animal
GCA_031241135.2_PDT001874784.2_genomic.fasta,765,Human
GCA_022316585.1_PDT000065089.4_genomic.fasta,1777,Human
GCA_022299055.1_PDT000353538.1_genomic.fasta,4354,Animal
GCA_021854455.1_PDT001210514.1_genomic.fasta,3377,Human
GCA_032470515.1_ASM3247051v1_genomic.fasta,5205,Human
GCA_033861535.1_PDT001993471.1_genomic.fasta,1950,Animal
GCA_034663315.1_PDT002039861.1_genomic.fasta,2006,Human
GCA_022141085.1_PDT000870486.1_genomic.fasta,819,Animal
GCA_022138705.1_PDT000870597.1_genomic.fasta,1033,Animal
GCA_038412345.1_PDT002141688.1_genomic.fasta,5065,Human
GCA_031112165.1_PDT001872534.1_genomic.fasta,6115,Environment
GCA_031105225.1_PDT001872525.1_genomic.fasta,4176,Environment
GCA_022140205.1_PDT000870543.1_genomic.fasta,2603,Animal
GCA_032618895.1_PDT001924528.1_genomic.fasta,400,Environment
GCA_002367615.1_ASM236761v1_genomic.fasta,3687,Environment
GCA_026110255.1_PDT001482646.1_genomic.fasta,6618,Environment
GCA_022140845.1_PDT000870512.1_genomic.fasta,5820,Animal
GCA_031978265.1_ASM3197826v1_genomic.fasta,4793,Environment
GCA_019930445.1_ASM1993044v1_genomic.fasta,2688,Human
GCA_028542095.3_PDT001609223.3_genomic.fasta,2113,Human
GCA_028574415.3_PDT001611204.3_genomic.fasta,6632,Human
GCA_034164345.1_PDT002016289.1_genomic.fasta,4930,Human
GCA_002186265.2_ASM218626v2_genomic.fasta,5673,Human
GCA_022259895.1_PDT000437155.1_genomic.fasta,4863,Animal
GCA_034195185.1_PDT002017828.1_genomic.fasta,4718,Environment
GCA_022431305.1_PDT001256144.1_genomic.fasta,5986,Food
GCA_002152515.1_ASM215251v1_genomic.fasta,1350,Human
GCA_021945655.1_PDT001025491.1_genomic.fasta,3279,Human
GCA_028124575.1_PDT001589453.1_genomic.fasta,2219,Animal
GCA_022142185.1_PDT000870185.1_genomic.fasta,5741,Environment
GCA_022163765.1_PDT000858058.1_genomic.fasta,2795,Human
GCA_022139845.1_PDT000870564.1_genomic.fasta,1119,Animal
GCA_030896725.1_PDT001695366.1_genomic.fasta,1154,Environment
GCA_022258675.1_PDT000437231.1_genomic.fasta,4733,Animal
GCA_022551405.1_ASM2255140v1_genomic.fasta,5217,Human
GCA_022300195.1_PDT000200504.2_genomic.fasta,147,Human
GCA_022140565.1_PDT000870534.1_genomic.fasta,5430,Animal
GCA_022089185.1_PDT000874645.1_genomic.fasta,4583,Human
GCA_022430665.1_PDT001256204.1_genomic.fasta,1391,Animal
GCA_022134805.1_PDT000870625.1_genomic.fasta,3660,Animal
GCA_040778005.1_PDT002260237.1_genomic.fasta,524,Human
GCA_024428595.1_PDT001366551.1_genomic.fasta,4928,Human
GCA_034164365.1_PDT002016287.1_genomic.fasta,228,Human
GCA_022081235.1_PDT000875104.1_genomic.fasta,3752,Human
GCA_037392075.1_PDT002116823.1_genomic.fasta,3128,Human
GCA_022133145.1_PDT000870645.1_genomic.fasta,5316,Animal
GCA_031035835.2_PDT001726387.3_genomic.fasta,3680,Human
GCA_022266875.1_PDT000435125.1_genomic.fasta,3238,Food
GCA_022058045.1_PDT000870064.2_genomic.fasta,899,Environment
GCA_032479195.1_ASM3247919v1_genomic.fasta,89,Human
GCA_022138985.1_PDT000870585.1_genomic.fasta,1645,Animal
GCA_022134835.1_PDT000870623.1_genomic.fasta,1118,Animal
GCA_022267775.1_PDT000435096.1_genomic.fasta,3491,Food
GCA_014902395.1_ASM1490239v1_genomic.fasta,4478,Human
GCA_002181225.1_ASM218122v1_genomic.fasta,27,Human
GCA_022058125.1_PDT000870052.2_genomic.fasta,2547,Environment
GCA_023467355.1_PDT001256172.1_genomic.fasta,6219,Human
GCA_022266935.1_PDT000435121.1_genomic.fasta,6439,Food
GCA_034849435.1_PDT002043607.1_genomic.fasta,4094,Environment
GCA_023312075.2_PDT001299825.2_genomic.fasta,5162,Human
GCA_031044775.2_PDT001744208.2_genomic.fasta,577,Human
GCA_036473955.1_PDT002067474.1_genomic.fasta,6657,Human
GCA_002182305.1_ASM218230v1_genomic.fasta,3265,Human
GCA_022134505.1_PDT000870630.1_genomic.fasta,3364,Animal
GCA_003432265.1_ASM343226v1_genomic.fasta,917,Animal
GCA_002736465.2_ASM273646v2_genomic.fasta,1754,Human
GCA_022299855.1_PDT000223019.2_genomic.fasta,5973,Human
GCA_031018325.2_PDT001786190.2_genomic.fasta,1164,Human
GCA_022131765.1_PDT000870652.1_genomic.fasta,221,Animal
GCA_040710075.1_PDT002249114.1_genomic.fasta,5634,Human
GCA_014838315.1_ASM1483831v1_genomic.fasta,3078,Human
GCA_022141285.1_PDT000870506.1_genomic.fasta,2238,Animal
GCA_002434445.1_ASM243444v1_genomic.fasta,2167,Environment
GCA_002856075.1_ASM285607v1_genomic.fasta,6735,Animal
GCA_022066985.1_PDT000875872.1_genomic.fasta,2827,Human
GCA_026962615.3_PDT001509716.4_genomic.fasta,1221,Human
GCA_022431625.1_PDT001256087.1_genomic.fasta,6637,Human
GCA_022259765.1_PDT000437158.1_genomic.fasta,5124,Animal
GCA_030178845.1_ASM3017884v1_genomic.fasta,1280,Environment
GCA_022430165.1_PDT001256190.1_genomic.fasta,2661,Animal
GCA_031040795.2_PDT000899167.3_genomic.fasta,1309,Human
GCA_025200575.1_ASM2520057v1_genomic.fasta,5320,Animal
GCA_022134765.1_PDT000870628.1_genomic.fasta,1052,Animal
GCA_022034655.1_PDT000899063.1_genomic.fasta,2955,Human
GCA_022140065.1_PDT000870552.1_genomic.fasta,5902,Animal
GCA_022430285.1_PDT001256033.1_genomic.fasta,5300,Animal
GCA_040567375.1_ASM4056737v1_genomic.fasta,3307,Human
GCA_022154725.1_PDT000858706.1_genomic.fasta,3542,Human
GCA_014833735.1_ASM1483373v1_genomic.fasta,3100,Human
GCA_022259935.1_PDT000437143.1_genomic.fasta,3789,Animal
GCA_029538685.1_PDT001677439.1_genomic.fasta,1724,Food
GCA_005048795.1_ASM504879v1_genomic.fasta,2142,Animal
GCA_022132925.1_PDT000870648.1_genomic.fasta,714,Animal
GCA_037009425.1_PDT002097979.1_genomic.fasta,3596,Human
GCA_032109145.1_ASM3210914v1_genomic.fasta,268,Environment
GCA_002339245.1_ASM233924v1_genomic.fasta,5317,Environment
GCA_029172825.1_PDT001659252.1_genomic.fasta,354,Animal
GCA_032288205.1_PDT001911307.1_genomic.fasta,829,Human
GCA_009184615.1_ASM918461v1_genomic.fasta,5246,Human
GCA_003195695.1_ASM319569v1_genomic.fasta,1471,Human
GCA_025064275.1_PDT001358172.2_genomic.fasta,5884,Animal
GCA_019900745.2_ASM1990074v2_genomic.fasta,1043,Animal
GCA_036248645.1_PDT002064841.1_genomic.fasta,2232,Human
GCA_031037235.2_PDT001726254.3_genomic.fasta,1476,Human
GCA_002857005.1_ASM285700v1_genomic.fasta,6688,Animal
GCA_030711105.1_ASM3071110v1_genomic.fasta,2882,Environment
GCA_028627635.1_PDT001615445.1_genomic.fasta,6446,Environment
GCA_022056665.1_PDT000870302.2_genomic.fasta,3674,Environment
GCA_024430215.1_PDT001366426.1_genomic.fasta,828,Human
GCA_022431445.1_PDT001256106.1_genomic.fasta,5327,Food
GCA_023552955.1_PDT001314976.1_genomic.fasta,5309,Animal
GCA_032286525.1_PDT001911300.1_genomic.fasta,506,Human
GCA_022133245.1_PDT000870642.1_genomic.fasta,2650,Animal
GCA_022139105.1_PDT000870576.1_genomic.fasta,3859,Animal
GCA_028955865.1_PDT001650077.1_genomic.fasta,1029,Human
GCA_031982885.1_ASM3198288v1_genomic.fasta,2646,Environment
GCA_022138945.1_PDT000870587.1_genomic.fasta,5275,Animal
GCA_021967775.1_PDT001019697.1_genomic.fasta,3498,Human
GCA_032289305.1_PDT001911269.1_genomic.fasta,250,Human
GCA_033104385.1_PDT001961048.1_genomic.fasta,735,Human
GCA_031978485.1_ASM3197848v1_genomic.fasta,2216,Environment
GCA_032285785.1_PDT001911330.1_genomic.fasta,5854,Human
GCA_031039075.2_PDT001696599.3_genomic.fasta,3201,Human
GCA_030675935.1_ASM3067593v1_genomic.fasta,6513,Human
GCA_022140105.1_PDT000870549.1_genomic.fasta,1034,Animal
GCA_034195125.1_PDT002017830.1_genomic.fasta,1549,Environment
GCA_022141445.1_PDT000870477.1_genomic.fasta,3342,Animal
GCA_017942305.1_ASM1794230v1_genomic.fasta,346,Animal
GCA_021964905.1_PDT001019853.1_genomic.fasta,3444,Human
GCA_037570765.1_PDT002074514.1_genomic.fasta,2935,Human
GCA_036907175.1_ASM3690717v1_genomic.fasta,5941,Human
GCA_022431885.1_PDT001256044.1_genomic.fasta,761,Environment
GCA_030675735.1_ASM3067573v1_genomic.fasta,816,Human
GCA_022267095.1_PDT000435100.1_genomic.fasta,2199,Food
GCA_022140225.1_PDT000870542.1_genomic.fasta,118,Animal
GCA_021988635.3_PDT000997242.3_genomic.fasta,6146,Human
GCA_030896785.1_PDT001695363.1_genomic.fasta,2374,Environment
GCA_034164425.1_PDT002016285.1_genomic.fasta,6398,Human
GCA_022272395.1_PDT000433420.1_genomic.fasta,6124,Animal
GCA_002153115.1_ASM215311v1_genomic.fasta,1613,Human
GCA_001903095.4_ASM190309v4_genomic.fasta,2670,Human
GCA_040565025.1_ASM4056502v1_genomic.fasta,3537,Human
GCA_021952585.1_PDT001020469.1_genomic.fasta,1315,Human
GCA_009659385.1_ASM965938v1_genomic.fasta,1843,Food
GCA_022142465.1_PDT000869700.1_genomic.fasta,1730,Human
